id, url
999001,cassimatis.gr
999002,mcgrathlexusofchicago.com
999003,santandertriathlonseries.com
999004,governmentstaff.com
999005,gpspanel.ir
999006,madeinpego.it
999007,seichi.click
999008,tuanjiebao.com
999009,ordernow.info
999010,rheinstetten.de
999011,sukatogel.com
999012,tusremedioshoy.com
999013,topminipc.com
999014,waprik.ru
999015,literary-evening.ru
999016,escoladeltreball.cat
999017,solicitors-barristers.co.uk
999018,nudeholes.com
999019,permacon.de
999020,hpsn.com
999021,tabita.ro
999022,black-pearl-one.jimdo.com
999023,bowens.co.uk
999024,capmilano.it
999025,yaxa.co
999026,taesa.com.br
999027,caucasusgeography.blogspot.nl
999028,emrecetinblog.com
999029,discoverytoys.net
999030,tuilixy.net
999031,aubergedupommier.com
999032,books.or.jp
999033,touristikosodigos.com
999034,greatamericanhomestore.com
999035,33hops.com
999036,karups-gallery.com
999037,omegacinemaprops.com
999038,gidpopechkam.ru
999039,freeexceldashboards.com
999040,achterdesamenleving.nl
999041,lecanzonidamore.it
999042,campstarfish.org
999043,hentai-italian.tumblr.com
999044,smutecnioznameni.eu
999045,doveoriginalstrims.com
999046,bethaze.com
999047,mimioconnect.com
999048,truckmovers.com
999049,buiclub.com
999050,xn--12c6bvbb3a0cxm.com
999051,eastfest.hu
999052,kot0.com
999053,dlja-mashinostroitelja.info
999054,gonosen.net
999055,indiastic.in
999056,amonashvili.com
999057,immobilienliebling.de
999058,stillio.com
999059,rthibert.com
999060,engsoftsolutions.com
999061,generationinitiative.org
999062,fishaholicsnw.com
999063,howtohackinsta.com
999064,hindindia.com
999065,njlottery.net
999066,bamasportsradio.com
999067,yukonsolitaire.net
999068,wsszeiss.sinaapp.com
999069,springbox.com
999070,movieetc.com
999071,nutricionysalud.org.es
999072,film-mp4.ru
999073,miru-kiku.jp
999074,hats-plus.com
999075,tsuruya-kisshotei.com
999076,bluecomvn.com
999077,eco-farm.org
999078,livewebacademy.com
999079,carjob.com.cn
999080,brightliver.com
999081,bgoplatform.com
999082,alchemistindia.net
999083,ibrowse.com
999084,piaseczno.pl
999085,uicflames.com
999086,sabo-int.org
999087,rull.se
999088,manutan.sk
999089,indian-tandoori-corner.ch
999090,houseoforganic.fi
999091,korea4dl.com
999092,pixelosaur.com
999093,balancepharm.co.kr
999094,ecarenext.com
999095,velo-tur.net
999096,sortirepinal.fr
999097,rzmask.com
999098,salamat.center
999099,bsnpubs.com
999100,lexch.com
999101,spgsoft.com
999102,virtualmedia.es
999103,sabermax.com
999104,afishapskov.ru
999105,orthodoxvera.ru
999106,lidertronica.com
999107,marblesthebrainstore.com
999108,codeengn.com
999109,spotvis.com
999110,scholarnet.cn
999111,perfilnews.com.br
999112,holynetworknews.com
999113,somepets.com
999114,kaman.com
999115,esmegengroup.com.sg
999116,maquettes-papier.net
999117,mjfgroup.biz
999118,rodeodrive-bh.com
999119,servicematica.com
999120,ictioterm.es
999121,evrazna.com
999122,teachingimage.com
999123,nblive.in
999124,satec.es
999125,deonissafaris.com
999126,inquarta.com
999127,24hdown.com
999128,samiakonvima.blogspot.gr
999129,zorba-budda.ru
999130,provident.hu
999131,nakeddeers.tumblr.com
999132,boshraamin.com
999133,sunglassesmaniac.com
999134,the4um.com.mx
999135,axiooworld.com
999136,webmuz.com
999137,allazlyrics.com
999138,wearethe99percent.tumblr.com
999139,caravancanopy.com
999140,samix.ir
999141,oedipus-mc.com
999142,personalwlan.de
999143,statybunaujienos.lt
999144,sadevederin.blogspot.com.tr
999145,schneidebrett-experte.de
999146,cifi.com.cn
999147,leanntech.com
999148,crevisse.com
999149,tripfilms.com
999150,milwaukeepc.com
999151,deepakperwani.com
999152,futuro.hr
999153,landkreis-verden.de
999154,10omiha.ir
999155,cortilum.mx
999156,christyng.com
999157,flexing4you.com
999158,podarizavtra.ru
999159,dronesbaratoscaseros.com
999160,cgicompany.com
999161,jsworld.jp
999162,thinknres.com
999163,dvderotiklive.com
999164,weilfuneralhome.com
999165,uzhasy.net
999166,kocburcu.net
999167,dustwell.com
999168,outco.io
999169,geantsat1.blogspot.com
999170,brasilstore.org
999171,yunmojsq.me
999172,muslimhands.fr
999173,omshivam.wordpress.com
999174,sarahdrasnerdesign.com
999175,botinagy.com
999176,rovip.info
999177,citizen-systems.co.jp
999178,av-assembler.ru
999179,bi1m.my
999180,arsenal.lv
999181,descargarsnapchatapp.com
999182,campusadministrativo.es
999183,tecknowledgebase.com
999184,patriotsontheright.com
999185,columbusregion.com
999186,colortoner.it
999187,yazz.ua
999188,wcrus.ws
999189,dnflawfirm.ir
999190,pesquebrasil.com.br
999191,japan-accessible.com
999192,sage.ie
999193,academiadecoaching.ro
999194,anime-fr.co
999195,tenhoprovaamanha.com.br
999196,blogcurioso.com
999197,bltomato.com
999198,usonetrip.com
999199,injazat.com
999200,africkmarket.com
999201,topbabyblogs.com
999202,xn--e1aqp.kz
999203,kabar-banten.com
999204,trickshub.in
999205,legendarysupplements.com
999206,e-interiors.net
999207,monunivers3d.com
999208,cherepahi.info
999209,shearrevival.com
999210,antiqueroseemporium.com
999211,xenmet.com
999212,clipsporne.top
999213,wrkr.com
999214,genclerbirligi.org.tr
999215,sickanimation.com
999216,unitednaghi.com.sa
999217,palmettoweekend.com
999218,rmaelectronics.com
999219,aedv.es
999220,masanz.es
999221,jerseyfoodandlife.com
999222,churchofpop.net
999223,incheonnews.com
999224,hxtz198.com
999225,glastofestfeed.com
999226,satwave.blogspot.com
999227,vksplus.ru
999228,aga.org
999229,borgocomuneantico.com
999230,mayorista10.cl
999231,sirkusshopping.no
999232,advanscotedivoire.com
999233,asandk.com
999234,onelife.com
999235,lascomedia.com
999236,thebig-greatupdating247.pw
999237,mambo-bologna.org
999238,optometrieonline.de
999239,yongsukakuning.blogspot.my
999240,newolde.com
999241,pflege-berufe.ch
999242,asscat-hepatitis.org
999243,iinejapan.jp
999244,soaam.or.kr
999245,eastrovedica.com
999246,onlinetravelcurrency.com
999247,elizabethspanncraig.com
999248,mime.ac.in
999249,astrozing.com
999250,lowca-okazji.blogspot.com
999251,vietstock.com.vn
999252,hondamc.com
999253,dealntricksloot.com
999254,todoactividades.com
999255,fallout2online.com
999256,lacreperie.at
999257,tenolee.net
999258,catforehead.com
999259,wannabuyawatch.com
999260,swinger-personals.co.uk
999261,milliyet.tv
999262,randomcraft.ru
999263,fishing-crew.com
999264,qqbuzz.com
999265,lfsgxyfshxx.com
999266,parquecerdeira.com
999267,icnareliefcanada.ca
999268,chat10looks3.com
999269,mytrove.com
999270,tower-of-goetia.com
999271,dhgllp.com
999272,aats-shop.ch
999273,3dinvasion.com
999274,islandhousekeywest.com
999275,intellihome.be
999276,bajaj.pe
999277,randosity.wordpress.com
999278,providencecare.ca
999279,montclairathletics.com
999280,kingsroad.jp
999281,sosyalben.com
999282,wellkagu.com
999283,sertanejoplus.com.br
999284,johnnyetc.com
999285,nastavleniya.ru
999286,konzerthaus-dortmund.de
999287,parfumdreams.dk
999288,absoluteschool.net
999289,treasure05x.jp
999290,zabindy.com
999291,ppzhibo.com
999292,nannypoppinz.com
999293,jonason-inv.com
999294,tactical-corner.gr
999295,painelrh.asia
999296,zgwx.gov.cn
999297,fahcsia.gov.au
999298,smartdatasoft.com
999299,electric.coop
999300,rileykids.org
999301,alimentacioncanina.com
999302,mdhelicopters.com
999303,savefrom.ws
999304,difesaesicurezza.com
999305,tipsxpert.com
999306,craigmarlatt.com
999307,boylondonchina.com
999308,jinluo.tmall.com
999309,vds-forum-china.de
999310,foto-modelky.cz
999311,monerakiennz.website
999312,specialeducationadvisor.com
999313,purimatravel.com
999314,tdaily.ru
999315,empress-empire.com
999316,bravo-kernel.com
999317,seflow.it
999318,healthcaresupplypros.com
999319,studiokensaku.com
999320,cizgiromanvadisi.com
999321,leesburgpharmacy.com
999322,aqualiment.com
999323,flagratotal.com
999324,ferrarasottolestelle.it
999325,jsbs2012.jp
999326,bandhanmf.com
999327,isadoras.com
999328,pbooru.com
999329,cabanesdesgrandschenes.com
999330,surpluszaragoza.com
999331,ekfdiagnostics.com
999332,androidiletisim.com
999333,4g.net
999334,opensaas.com.br
999335,soundgraphics.net
999336,midlifebachelor.com
999337,logix.com
999338,arkamediaworks.com
999339,publipega.com
999340,ricgroup.com.au
999341,gemco.com.mx
999342,jewishcommunitywatch.org
999343,yourfinestupdatingever.pro
999344,femplaza.nl
999345,corporatewatch.org
999346,clipsearch.co.uk
999347,baraherbs.co.il
999348,webcanavari.net
999349,runetmusic.ru
999350,threerivers.edu
999351,reque.jp
999352,instantlicensing.com
999353,ryansechrest.com
999354,znaj.com.ua
999355,invitationtojoin.com
999356,typhoon-hil.com
999357,y-kagu.com
999358,bitcoin-faucet.pw
999359,barlowesherbalelixirs.com
999360,dosug-197.com
999361,calanka24.net
999362,lekkerschmekker.de
999363,newscoopz.com
999364,shuttlepod.org
999365,singhajit.com
999366,chudaistory.net
999367,choujuhigai.com
999368,100plenok.ru
999369,ezodiakas.lt
999370,promasidor.com
999371,culturenxt.com
999372,perkon.com.tr
999373,usedwalsall.co.uk
999374,themetent.co.uk
999375,jocrf.org
999376,lynnemctaggart.com
999377,bearmama.com.tw
999378,stktrader.com
999379,toshiboo-blog.tumblr.com
999380,authenticubatours.com
999381,pnfpithmmrxc.com
999382,gortons.com
999383,onlinemedicalassistantprograms.net
999384,someflower.net
999385,ideibiznesa.biz
999386,cityecity.com
999387,game-langsung.com
999388,geya-watch.com
999389,ar-economist.com
999390,brutalmachine.com
999391,cm3d2-play.com
999392,itop.media
999393,apicoltoremoderno.it
999394,winnerbatterien.de
999395,litnon.com
999396,starrhill.com
999397,convertpdftohtml.net
999398,iqmindware.com
999399,intelligent.com
999400,premioariel.com.mx
999401,creatubbles.com
999402,canadiantimes.ca
999403,partysh.com
999404,growingchristians.org
999405,yokedesign.com.au
999406,chihuahua-avenue.com
999407,nuvista.org
999408,ustcif.org
999409,metrored.com.mx
999410,lcfclubs.com
999411,limedir.com
999412,crmcube.es
999413,sslwww.jp
999414,btc-exchange.com
999415,sannasetty.blogspot.in
999416,freegranny.net
999417,benhowardmusic.co.uk
999418,masyuko.or.jp
999419,creaac.org.br
999420,investidor.pt
999421,chartlessons.com
999422,ya-matusya.com.ua
999423,restoracia.ru
999424,asiapdf.ir
999425,asv-landshut.de
999426,nutritionrefit.com
999427,careeful.com
999428,fluidclick.com
999429,thekingoffeeling.tk
999430,filmyvid.com
999431,bna.tn
999432,fsd.org
999433,gentsstylefiles.com
999434,svouimirukami.ru
999435,alltagstipp.de
999436,prominasonline.com.br
999437,photosnatureblog.wordpress.com
999438,yardcaregurus.com
999439,liceofarnesina.gov.it
999440,club-zakuro.com
999441,macam98.ac.il
999442,alimua.net
999443,centermed.pl
999444,koiwa-pet.jp
999445,merpatitempur.com
999446,holocaustandhumanity.org
999447,amptampa.com
999448,ilchi.net
999449,konyhatizezercikk.hu
999450,protrader.com
999451,tijianka.cc
999452,eopenmarket.com
999453,crestoflondon.co.uk
999454,agri-zoo.com
999455,macchinepercuciregnoatolino.it
999456,speedoftrust.com
999457,cyclingbetting.co.uk
999458,web-blinds.dev
999459,yourcanadianmeds.com
999460,lokidesign.net
999461,djshowprep.blogspot.com
999462,solyar.ru
999463,topmap.su
999464,3d-bondage.net
999465,akvideo.stream
999466,onaft.od.ua
999467,reginafestas.com.br
999468,nudeglamourbabe.com
999469,uktemps.co.uk
999470,elsolitariodeprovidence.com
999471,ciflorestas.com.br
999472,manulifeam.com
999473,newsandguides.com
999474,navesmaster.ru
999475,zasadnezdrave.cz
999476,zdnet.co.uk
999477,sinavmatik.net
999478,lbest.com
999479,tboximage.ru
999480,jadvalbaz.blog.ir
999481,minshengart.com
999482,syrairport.org
999483,naturalline.nz
999484,ikariayoga.gr
999485,emfluence.com
999486,disneyeveryday.com
999487,gryphonhouse.com
999488,ftu-forum.org
999489,detikfinance.com
999490,telefonodelaesperanza.org
999491,onibuscoffee.com
999492,jeffgordon.com
999493,topfishing.hr
999494,smartkenyan.com
999495,getreadytorock.me.uk
999496,breakoutwatch.com
999497,logitaxi.ru
999498,thelightsource.com
999499,weedoo-it.fr
999500,butaimeguri.com
999501,colorehobby.it
999502,fakemusicgenerator.com
999503,cursomaestroreiki.com
999504,mueblesdecasa.net
999505,travelex.de
999506,teonanakatl.pro
999507,vidsoftware.ru
999508,bttiantang999.cc
999509,manualdatecnologia.com
999510,piranhatrader.com
999511,fieretvis.nl
999512,techreleased.com
999513,evenxisak.tumblr.com
999514,numeriassistenzaclienti.net
999515,dacha21veka.ru
999516,n-clinic.ir
999517,rwuniversity.com
999518,logicgroup.com
999519,dg-ag.com
999520,almustafauniversity.com
999521,tweaker.org
999522,nwc.az
999523,t-machine.org
999524,mutex.fr
999525,total-bc.jp
999526,harp.lg.jp
999527,resiclub.com
999528,eohcorp.net
999529,perturbee.net
999530,smartrobotichome.com
999531,stevienicksofficial.com
999532,escolasmoimenta.pt
999533,rcoit.ru
999534,mnea.org
999535,peugeotbg.com
999536,windmorbihan.com
999537,movingwriters.org
999538,blueribbonlab.it
999539,tetouan.ma
999540,careerinteractive.org
999541,pharmafulcri.it
999542,mesite.ir
999543,geeky-jez.tumblr.com
999544,tiemme.su
999545,triplecrownproducts.com
999546,bigevilracing.com
999547,perraspervertido.com
999548,sansebastian.travel
999549,stay-pro.com
999550,toplineresults.com
999551,newhilux.net
999552,boellhoff.com
999553,black-co.tumblr.com
999554,totalgym.com
999555,toxicode.fr
999556,eavtobus.com
999557,dontbecheated.com
999558,freedomtoexist.com
999559,rolf-online.ru
999560,frixtender.de
999561,kata-bags.com
999562,easy-reisen.ch
999563,syzsq.com
999564,dzhuvinov.com
999565,movieflix32.com
999566,ez4uteam.com
999567,itphoenix.gr
999568,muathuoc.vn
999569,javonline.info
999570,baixarfilmesgratis.net
999571,randodecor.ir
999572,radiokoocheh.com
999573,preppers.nl
999574,momati24.de
999575,inet.co.jp
999576,eragrizzard.com
999577,rcwolf.us
999578,apeaqbank.com
999579,livingproducts.co.za
999580,proflashhouse.ru
999581,60db.co
999582,dimoracaladelpozzo.it
999583,rirekisyo-pro.com
999584,light3moon.com
999585,quannaokaifa.net
999586,yh00128.com
999587,roidbell.ir
999588,fendt-caravan.de
999589,shopikon.com
999590,yjp-globalgo.com
999591,grandecor.ru
999592,traffic-clearing-house.com
999593,goodshowsir.com
999594,zgr.name
999595,paperairplaneshq.com
999596,southavenrv.com
999597,funip.jp
999598,pinfollow.net
999599,stella-cloud.com
999600,rccmepco.com
999601,dbaba.in
999602,dalmiabharat.com
999603,another-language.com
999604,tshirtstoreonline.com
999605,totoexpert.am
999606,okgun.co.kr
999607,unitomo.ac.id
999608,adm.syzran.ru
999609,familylegacy.com
999610,yeah1.vn
999611,pinselschereco.de
999612,dzapp.cn
999613,adaptorclothing.com
999614,navman.com
999615,ukgtn.nhs.uk
999616,staffroom.ie
999617,steelheadfactoring.com
999618,iraneset.ir
999619,lumoplay.com
999620,texasregionalbank.com
999621,franklady.com.ua
999622,quantosdias.com.br
999623,hilinehomes.com
999624,imperiodelpack.com
999625,newtunisiatv.info
999626,revimg.com
999627,prescript-assist.com
999628,silvanamalhas.com.br
999629,typingfanatic.com
999630,how2browserupdates.top
999631,camblab.info
999632,infodrinks.com
999633,oklegislature.gov
999634,onuma-g.com
999635,craigthetechteacher.com
999636,o-kroha.com
999637,linkuj.cz
999638,prehk.com
999639,french.com.ua
999640,chanceincinema.com
999641,topandroid.fr
999642,qualityespacio.com
999643,bestclipuri.com
999644,concealedcarryservices.org
999645,ajsoftpk.com
999646,yipintx.info
999647,maadkoush.ir
999648,sst45.ru
999649,soulvibe.co
999650,imgmatter.com
999651,pyrofans.eu
999652,baodaknong.org.vn
999653,tracpro.net
999654,primosguardo.com
999655,landau.com
999656,dcrtravel.in
999657,trainingauthors.com
999658,haber55.com
999659,mysterybox.gr
999660,cutbyfred.com
999661,activated.se
999662,reifen-krieg.net
999663,smbmail.net
999664,vietpro.edu.vn
999665,buychina.ir
999666,trabajaconvictor.com
999667,facturemosya.com
999668,pawsomemedia.com
999669,powerplaynation.com
999670,simsinthewoods.wordpress.com
999671,greathomes.org
999672,alsace-des-petits.fr
999673,sanevax.org
999674,jobzmall.com
999675,dell-shop.sk
999676,newsdev.net
999677,bjsm.org
999678,askphilosophers.org
999679,familjagjejameeshtrejtnjet.com
999680,emerse.com
999681,krzer.com
999682,vormagazin.at
999683,nervanix.com
999684,wotbg.com
999685,campaignbreeze.com
999686,nazabox.tk
999687,usheru.com
999688,kvmgalore.com
999689,fritzfargo.com
999690,dollar-today.com
999691,mydg.ir
999692,talkingbarapp.com
999693,sistemidata.it
999694,campomaggi.com
999695,labotienda.com
999696,darkskyradio.com
999697,pcbitz.com
999698,sexplorador.com
999699,stassen.com
999700,ka-europabad.de
999701,tech-market.biz
999702,deecee.de
999703,perspektiva24.com
999704,alan-systems.com
999705,vinhomes-smartcity.com.vn
999706,thereshegoesagain.org
999707,ibashogallery.com
999708,factorydirect.fr
999709,itichd.net.in
999710,disclord.se
999711,smile-sharing.co.jp
999712,gaoqing.tv
999713,articlelivehire.com
999714,furniturehireuk.com
999715,adroit.cz
999716,girogama.it
999717,9korea.com
999718,track-clicks.com
999719,versteigerungshalle.de
999720,niceline.com
999721,alanrogers.com
999722,hydraligne.fr
999723,infazvekoruma.net
999724,sentra-nissan.ru
999725,avtoshop.pro
999726,firstcahawba.com
999727,youdeal.co.jp
999728,go4funding.com
999729,ignitegallery.com
999730,tsmeet.com
999731,cbuz.com
999732,vipzvezd.ru
999733,abrakadabra.sklep.pl
999734,eventforex.info
999735,executor.dk
999736,woodworking-hub.com
999737,frenchteamtraining.biz
999738,66sj.com
999739,ebs-platform.com
999740,brailleworks.com
999741,stroicod.ru
999742,zhenjiashuo.co
999743,natureworksllc.com
999744,invil.com
999745,antecualquierduda.com
999746,travelhubchiangmai.com
999747,initiative-france.fr
999748,qscaudio.com
999749,ibkala.ir
999750,youngfinances.com
999751,saines-gourmandises.fr
999752,chiken-style.com
999753,creativehairdo.com
999754,incesttabootube.net
999755,moymoy.nl
999756,ppuingmall.com
999757,immomig.com
999758,sabagym.ir
999759,resto.com
999760,thedailyviz.com
999761,yhoccongdong.com
999762,schwimmbadshop.com
999763,chilcano.xyz
999764,weatherdt.com
999765,bbearbeer.tumblr.com
999766,kaishindo-music.co.jp
999767,kinson.pro
999768,minnaga.com
999769,planters-bank.com
999770,ercioafonso.blogspot.com.br
999771,buyeasy.co.kr
999772,peraichi.co.jp
999773,saratova.ru
999774,planetgirlsstore.com.br
999775,osakacommunity.jp
999776,hellocomic.com
999777,slamcore.com
999778,aspanet.org
999779,tarotpolis.de
999780,pikespeakrsc.com
999781,sanwya5ma.blogspot.com
999782,vegas-online.de
999783,billdwhite.com
999784,naocareonline.com
999785,robertplank.com
999786,cpft.nhs.uk
999787,oideyasuanemone.com
999788,grandspa.lt
999789,gsvg.ucoz.ru
999790,iassyllabus.in
999791,optiweb.com
999792,hotkambikathakal.com
999793,alageum.com
999794,ia-engineers.org
999795,druzabne-igre.si
999796,18plusnews.com
999797,taalsterk.nl
999798,extasyasians.com
999799,designt.cn
999800,123movieshd.ws
999801,sklepelektroniczny.com
999802,testkorea.co.kr
999803,thelambingan.blogspot.com
999804,formulisa.cl
999805,ravenandcrone.com
999806,takeuchi01.com
999807,manninafirenze.com
999808,apicat.us
999809,valgardena-groeden.com
999810,dailyboats.ru
999811,mountainjade.co.nz
999812,aquitembarato.net
999813,cebulomat.pl
999814,scholarshipsbar.com
999815,changdaech.org
999816,webkosmos.gr
999817,boraxantkiller.com
999818,trinityroad.com
999819,disegnoepittura.it
999820,africafreak.com
999821,pornpicspage.com
999822,maca.ac.in
999823,adsenseforum.co.kr
999824,pooyasport.com
999825,pandagrow.cl
999826,myanmarpresscouncil.org
999827,happy-twinslife.com
999828,indonesianforum.net
999829,ourtype.com
999830,ojasupdates.in
999831,waytoeu.ru
999832,zedtown.com
999833,therecruitmentexpress.com
999834,ipmbrasil.org.br
999835,hotelquando.com
999836,bulckens.com
999837,33zx.cc
999838,daguangnews.com
999839,hao7di.com
999840,gurusfeet.com
999841,arm-pit.net
999842,onepapermachine.com
999843,sunner.cn
999844,amritalearning.com
999845,ucw188.com
999846,xn--x8jcy0c0cxj6529a9ylcn9b.jp
999847,jcbgf.com
999848,zlsoft.cn
999849,amapatemper.com.br
999850,m5.com.tw
999851,goezgo.tw
999852,paradisetv.jp
999853,hilti.cz
999854,4rgames.com
999855,mariva.com.ar
999856,hardcoreyaoii.tumblr.com
999857,tema.org
999858,laptopscrews.com
999859,horseandrider.org
999860,ttsuniversity.com
999861,everydownload.net
999862,e-sports.net
999863,czar.pl
999864,selfpublishing.com
999865,sentic.net
999866,samanthasbell.com
999867,gpworldwide.com
999868,balkonetka.pl
999869,themoviedbase.com
999870,alrostamanitravel.ae
999871,texaschildrensblog.org
999872,smartgyro.es
999873,iticparis.com
999874,driflloon.tumblr.com
999875,ranksng.com
999876,empowermentsuccess.com
999877,dohquangtri.gov.vn
999878,fenster-vergleichsangebote.de
999879,dethguild.com
999880,infocomercial.com
999881,aeropuerto-madridbarajas.com
999882,controllingmychaos.com
999883,4g-inter.net
999884,movebumpers.com
999885,hornytiger.com
999886,theloveflorist.com
999887,twfes.com
999888,it-tech.blogfa.com
999889,jeanieboobs.tumblr.com
999890,barbiegiydirmeoyunlari.com
999891,super-sanko.net
999892,sanjavucho.com.ar
999893,id028.cn
999894,xwbank.com
999895,articulosreligiososbrabander.es
999896,dom02.net
999897,alabamarot.co.uk
999898,tfoms.e-burg.ru
999899,linea3cocinas.com
999900,courtesanmodel.com
999901,zurf.nl
999902,totalhealth.co.uk
999903,iporno.com.br
999904,erodojinhustle.com
999905,kagi1109948.com
999906,desafiobtc.com
999907,xdownloadfilmgratis.id
999908,surecall.com
999909,findnew2upgrades.download
999910,hanaif.re.kr
999911,realestatesales.gov
999912,karakuriya.com
999913,lenovo-service.ir
999914,xiaoyangren.net
999915,zlatibor.rs
999916,agronet.gov.co
999917,agrodataperu.com
999918,energyfromthevacuum.com
999919,riverrides.com
999920,veganfitness.net
999921,rre6oei2g00781t8.cf
999922,enseignementeducation.fr
999923,gimje.go.kr
999924,japan-fans.com
999925,potomaccrossfit.com
999926,cricketmatchbettingtips.com
999927,holdingtotruth.com
999928,essie.de
999929,ldcvip.com
999930,nokiarevolution.com
999931,mkkssmkjabar.or.id
999932,captureone.cn
999933,festivalando.com.br
999934,rumaheditor.com
999935,pop-informatique.com
999936,jayfeng.com
999937,dabirinc.com
999938,e-rakunet.com
999939,soken.ac.jp
999940,firstcall-backoffice-staging.azurewebsites.net
999941,amuland.pl
999942,polku.co.jp
999943,dastberang.ir
999944,canaldeentretenimiento.com
999945,accidentalcreative.com
999946,ibms.org
999947,omniparityrzsbuc.website
999948,charatsoft.com
999949,esball.in
999950,20009.net
999951,royceconfectusa.com
999952,56jita.com
999953,isyoursiteranked.com
999954,camerastore.com.au
999955,whittleburyhall.co.uk
999956,customsoundsreports.com
999957,goforworld.shop
999958,duitkertas.com
999959,marker.hr
999960,wwlr.com
999961,toynbeehall.org.uk
999962,hotbbwmom.com
999963,pompadour.es
999964,bikitravelaroundtheworld.blogspot.gr
999965,thedenofravenpuff.tumblr.com
999966,osmartphones.ru
999967,jerswoodshop.com
999968,mavic.ne.jp
999969,petanque-en-comminges.com
999970,ecdl.gr
999971,kickas.org
999972,sfs.fi
999973,britishmotormuseum.co.uk
999974,tufisio.net
999975,ax-dynamics.com
999976,mrporn.ru
999977,1s2u.net
999978,kafablog.com
999979,blueberry.gg
999980,portalcostanorte.com
999981,hotmat.se
999982,aizu-concierge.com
999983,wufafuwu.com
999984,tucsonstorefixtures.com
999985,raggedjackscarlet.tumblr.com
999986,solent.co
999987,authentica.ru
999988,sunpan.com
999989,wyandottesxyyss.website
999990,reuber-norwegen.de
999991,divulga247.com.br
999992,doctordirectory.com
999993,azeletron.com
999994,ttnnews.com
999995,cleanpornvideos.net
999996,sibf.org
999997,bukapintu.co
999998,klatovynet.cz
999999,elconquistadorfm.cl
1000000,laputertienda.com
